6612;pa
6602;pa
6607;pa
6603;pa
6606;pa
6613;pa
6610;pa
6600;pa
6609;pa
6599;pa
4119;pa
6608;pa
6604;pa
6601;pa
4858;pvh
4118;pvh
4857;pvh
6615;pu
6617;pu
6619;pu
4120;pu
6618;pu
6616;pu
6614;pu
6304;impregnation
6303;impregnation
6302;impregnation
6301;impregnation
2397;impregnation
5935;impregnation
3678;impregnation
2863;impregnation
3675;impregnation
3645;impregnation
3657;impregnation
3658;impregnation
3671;impregnation
3772;impregnation
3679;impregnation
3682;impregnation
2866;impregnation
2865;impregnation
4724;impregnation
5759;impregnation
4726;impregnation
4859;impregnation
2907;impregnation
7145;impregnation
4122;impregnation
5461;impregnation
6122;impregnation
4728;impregnation
6124;impregnation
5760;impregnation
6390;impregnation
4121;impregnation
6123;impregnation
4617;impregnation
4616;impregnation
4156;impregnation
5401;impregnation
4157;impregnation
4723;impregnation
4614;impregnation
4613;impregnation
5761;impregnation
4474;impregnation
4615;impregnation
4170;impregnation
4292;impregnation
6392;impregnation
4856;impregnation
4414;impregnation
6391;impregnation
4416;impregnation
4855;impregnation
4415;impregnation
4767;impregnation
8136;impregnation
8400;impregnation
8137;impregnation
8138;impregnation
8139;impregnation
8140;impregnation
8519;impregnation
8141;impregnation
8142;impregnation
2417;impregnation
6721;impregnation
6722;impregnation
6724;impregnation
6727;impregnation
6725;impregnation
6720;impregnation
6719;impregnation
6738;impregnation
6739;impregnation
6743;impregnation
6745;impregnation
6744;impregnation
6731;impregnation
6729;impregnation
6168;pu
4835;pu
4836;pu
2910;pu
6170;pu
6169;pu
7265;pu
7267;pu
7268;pu
7264;pu
4123;pu
5985;pu
5933;pu
6384;pu
4113;pu
5932;pu
4834;pu
4833;pu
6385;pu
6386;pu
6387;pu
6389;pu
5403;pu
5402;pu
6388;pu
4837;pu
4116;pu
4115;pu
5934;pu
4117;pu
4114;pu
2908;impregnation
7156;impregnation
7234;impregnation
6569;impregnation
6568;impregnation
2456;impregnation
3632;impregnation
6570;impregnation
7240;impregnation
7069;impregnation
2453;impregnation
6571;impregnation
7068;impregnation
7236;impregnation
7237;impregnation
7235;impregnation
6703;impregnation
6705;impregnation
6699;impregnation
6707;impregnation
6704;impregnation
7241;impregnation
7242;impregnation
7150;impregnation
7155;impregnation
7148;impregnation
7238;impregnation
2925;impregnation
6574;impregnation
6576;impregnation
6573;impregnation
7149;impregnation
7239;impregnation
6572;impregnation
3808;impregnation
3807;impregnation
3806;impregnation
3810;impregnation
3812;impregnation
3811;impregnation
3809;impregnation
4235;impregnation
8412;impregnation
4161;impregnation
8413;impregnation
2923;impregnation
4162;impregnation
4159;impregnation
2922;impregnation
2909;impregnation
8411;impregnation
3195;impregnation
2924;impregnation
2914;impregnation
2911;impregnation
2917;impregnation
2916;impregnation
2915;impregnation
2918;impregnation
2920;impregnation
2919;impregnation
2921;impregnation
2406;impregnation
2458;impregnation
2459;impregnation
2460;impregnation
2461;impregnation
8057;impregnation
8058;impregnation
2381;impregnation
2468;impregnation
2877;impregnation
2602;impregnation
2868;impregnation
4187;impregnation
4186;impregnation
3508;impregnation, otbelivanie
5407;appret
2607;appret
3496;appret
2776;appret
9724;appret
5736;appret
2507;appret
6253;rubber
8078;impregnation
7967;impregnation
5692;impregnation
4904;impregnation
6804;impregnation