6612;100% ПЭ
6602;100% ПЭ
6607;100% ПЭ
6603;100% ПЭ
6606;100% ПЭ
6613;100% ПЭ
6610;100% ПЭ
6600;100% ПЭ
6609;100% ПЭ
6599;100% ПЭ
4119;100% ПЭ
6608;100% ПЭ
6604;100% ПЭ
6601;100% ПЭ
4858;100% ПЭ
4118;100% ПЭ
4857;100% ПЭ
6615;100% ПЭ
6617;100% ПЭ
6619;100% ПЭ
4120;100% ПЭ
6618;100% ПЭ
6616;100% ПЭ
6614;100% ПЭ
6189;100% ПЭ
5926;100% ПЭ
5927;100% ПЭ
6184;100% ПЭ
6180;100% ПЭ
4092;100% ПЭ
5923;100% ПЭ
6190;100% ПЭ
5928;100% ПЭ
6191;100% ПЭ
6852;100% ПЭ
5919;100% ПЭ
6183;100% ПЭ
6179;100% ПЭ
6853;100% ПЭ
6182;100% ПЭ
5925;100% ПЭ
5924;100% ПЭ
7411;80% ПЭ, 20% ХЛ
4532;80% ПЭ, 20% ХЛ
7403;80% ПЭ, 20% ХЛ
4534;80% ПЭ, 20% ХЛ
7404;80% ПЭ, 20% ХЛ
6127;80% ПЭ, 20% ХЛ
2398;80% ПЭ, 20% ХЛ
6645;80% ПЭ, 20% ХЛ
2862;80% ПЭ, 20% ХЛ
4536;80% ПЭ, 20% ХЛ
4535;80% ПЭ, 20% ХЛ
7408;80% ПЭ, 20% ХЛ
6642;80% ПЭ, 20% ХЛ
7462;80% ПЭ, 20% ХЛ
6644;80% ПЭ, 20% ХЛ
2400;80% ПЭ, 20% ХЛ
7409;80% ПЭ, 20% ХЛ
6128;80% ПЭ, 20% ХЛ
6643;80% ПЭ, 20% ХЛ
4533;80% ПЭ, 20% ХЛ
7412;80% ПЭ, 20% ХЛ
7410;80% ПЭ, 20% ХЛ
6126;80% ПЭ, 20% ХЛ
6129;80% ПЭ, 20% ХЛ
6135;80% ПЭ, 20% ХЛ
6131;80% ПЭ, 20% ХЛ
6134;80% ПЭ, 20% ХЛ
6133;80% ПЭ, 20% ХЛ
6130;80% ПЭ, 20% ХЛ
2867;80% ПЭ, 20% ХЛ
3642;80% ПЭ, 20% ХЛ
3638;80% ПЭ, 20% ХЛ
3639;80% ПЭ, 20% ХЛ
3640;80% ПЭ, 20% ХЛ
2403;80% ПЭ, 20% ХЛ
4627;80% ПЭ, 20% ХЛ
6304;80% ПЭ, 20% ХЛ
6303;80% ПЭ, 20% ХЛ
6302;80% ПЭ, 20% ХЛ
6301;80% ПЭ, 20% ХЛ
2397;80% ПЭ, 20% ХЛ
5935;80% ПЭ, 20% ХЛ
3678;80% ПЭ, 20% ХЛ
2863;80% ПЭ, 20% ХЛ
3675;80% ПЭ, 20% ХЛ
3645;80% ПЭ, 20% ХЛ
3657;80% ПЭ, 20% ХЛ
3658;80% ПЭ, 20% ХЛ
3671;80% ПЭ, 20% ХЛ
3772;80% ПЭ, 20% ХЛ
3679;80% ПЭ, 20% ХЛ
3682;80% ПЭ, 20% ХЛ
2866;80% ПЭ, 20% ХЛ
2865;80% ПЭ, 20% ХЛ
6307;80% ПЭ, 20% ХЛ
6306;80% ПЭ, 20% ХЛ
6634;80% ПЭ, 20% ХЛ
7458;80% ПЭ, 20% ХЛ
4529;80% ПЭ, 20% ХЛ
2859;80% ПЭ, 20% ХЛ
7460;80% ПЭ, 20% ХЛ
6636;80% ПЭ, 20% ХЛ
4530;80% ПЭ, 20% ХЛ
6308;80% ПЭ, 20% ХЛ
5936;80% ПЭ, 20% ХЛ
7405;80% ПЭ, 20% ХЛ
7461;80% ПЭ, 20% ХЛ
2861;80% ПЭ, 20% ХЛ
6305;80% ПЭ, 20% ХЛ
4628;80% ПЭ, 20% ХЛ
6637;80% ПЭ, 20% ХЛ
7457;80% ПЭ, 20% ХЛ
3697;80% ПЭ, 20% ХЛ
7407;80% ПЭ, 20% ХЛ
4531;80% ПЭ, 20% ХЛ
4528;80% ПЭ, 20% ХЛ
7406;80% ПЭ, 20% ХЛ
6635;80% ПЭ, 20% ХЛ
4527;80% ПЭ, 20% ХЛ
6638;80% ПЭ, 20% ХЛ
3283;65% ПЭ, 35% ХЛ
7402;65% ПЭ, 35% ХЛ
3285;65% ПЭ, 35% ХЛ
6641;65% ПЭ, 35% ХЛ
3286;65% ПЭ, 35% ХЛ
7401;65% ПЭ, 35% ХЛ
3299;65% ПЭ, 35% ХЛ
3289;65% ПЭ, 35% ХЛ
7463;65% ПЭ, 35% ХЛ
6639;65% ПЭ, 35% ХЛ
3287;65% ПЭ, 35% ХЛ
7456;65% ПЭ, 35% ХЛ
6640;65% ПЭ, 35% ХЛ
4724;80% ПЭ, 20% ХЛ
5759;80% ПЭ, 20% ХЛ
4726;80% ПЭ, 20% ХЛ
4859;80% ПЭ, 20% ХЛ
2907;80% ПЭ, 20% ХЛ
7145;80% ПЭ, 20% ХЛ
4122;80% ПЭ, 20% ХЛ
5461;80% ПЭ, 20% ХЛ
6122;80% ПЭ, 20% ХЛ
4728;80% ПЭ, 20% ХЛ
6124;80% ПЭ, 20% ХЛ
5760;80% ПЭ, 20% ХЛ
6390;80% ПЭ, 20% ХЛ
4121;80% ПЭ, 20% ХЛ
6123;80% ПЭ, 20% ХЛ
4617;80% ПЭ, 20% ХЛ
4616;80% ПЭ, 20% ХЛ
4156;70% ПЭ, 30% ХЛ
5401;70% ПЭ, 30% ХЛ
4157;70% ПЭ, 30% ХЛ
4723;70% ПЭ, 30% ХЛ
4614;70% ПЭ, 30% ХЛ
4613;70% ПЭ, 30% ХЛ
5761;70% ПЭ, 30% ХЛ
4474;70% ПЭ, 30% ХЛ
4615;70% ПЭ, 30% ХЛ
4170;70% ПЭ, 30% ХЛ
4292;80% ПЭ, 20% ХЛ
6392;80% ПЭ, 20% ХЛ
4856;80% ПЭ, 20% ХЛ
4414;80% ПЭ, 20% ХЛ
6391;80% ПЭ, 20% ХЛ
4416;80% ПЭ, 20% ХЛ
4855;80% ПЭ, 20% ХЛ
4415;80% ПЭ, 20% ХЛ
4767;80% ПЭ, 20% ХЛ
8136;51% ПЭ, 49% ХЛ
8400;51% ПЭ, 49% ХЛ
8137;51% ПЭ, 49% ХЛ
8138;51% ПЭ, 49% ХЛ
8139;51% ПЭ, 49% ХЛ
8140;51% ПЭ, 49% ХЛ
8519;51% ПЭ, 49% ХЛ
8141;51% ПЭ, 49% ХЛ
8142;51% ПЭ, 49% ХЛ
4059;60% ПЭ, 40% ХЛ
4056;60% ПЭ, 40% ХЛ
4062;60% ПЭ, 40% ХЛ
4067;60% ПЭ, 40% ХЛ
2417;100% ПЭ
6721;100% ПЭ
6722;100% ПЭ
6724;100% ПЭ
6727;100% ПЭ
6725;100% ПЭ
6720;100% ПЭ
6719;100% ПЭ
6738;100% ПЭ
6739;100% ПЭ
6743;100% ПЭ
6745;100% ПЭ
6744;100% ПЭ
6731;100% ПЭ
6729;100% ПЭ
4222;100% ХЛ
2875;100% ХЛ
4221;100% ХЛ
2872;100% ХЛ
4220;100% ХЛ
2873;100% ХЛ
6172;100% ХЛ
4223;100% ХЛ
6856;100% ХЛ
2380;100% ХЛ
6855;100% ХЛ
4224;100% ХЛ
2383;100% ХЛ
6854;100% ХЛ
2874;100% ХЛ
6168;100% ПЭ
4835;100% ПЭ
4836;100% ПЭ
2910;100% ПЭ
6170;100% ПЭ
6169;100% ПЭ
7265;100% ПЭ
7267;100% ПЭ
7268;100% ПЭ
7264;100% ПЭ
4123;100% ПЭ
5985;100% ПЭ
5933;100% ПЭ
6384;100% ПЭ
4113;100% ПЭ
5932;100% ПЭ
4834;100% ПЭ
4833;100% ПЭ
6385;100% ПЭ
6386;100% ПЭ
6387;100% ПЭ
6389;100% ПЭ
5403;100% ПЭ
5402;100% ПЭ
6388;100% ПЭ
4837;100% ПЭ
4116;100% ПЭ
4115;100% ПЭ
5934;100% ПЭ
4117;100% ПЭ
4114;100% ПЭ
6174;65% ПЭ, 35% ХЛ
5962;65% ПЭ, 35% ХЛ
5963;65% ПЭ, 35% ХЛ
5957;65% ПЭ, 35% ХЛ
6175;65% ПЭ, 35% ХЛ
3879;65% ПЭ, 35% ХЛ
6176;65% ПЭ, 35% ХЛ
6747;65% ПЭ, 35% ХЛ
5961;65% ПЭ, 35% ХЛ
5959;65% ПЭ, 35% ХЛ
2565;65% ПЭ, 35% ХЛ
2903;80% ПЭ, 20% ХЛ
4630;80% ПЭ, 20% ХЛ
2904;80% ПЭ, 20% ХЛ
4629;80% ПЭ, 20% ХЛ
2396;80% ПЭ, 20% ХЛ
2905;80% ПЭ, 20% ХЛ
2906;80% ПЭ, 20% ХЛ
4631;80% ПЭ, 20% ХЛ
2376;80% ПЭ, 20% ХЛ
2908;80% ПЭ, 20% ХЛ
6596;100% ПЭ
6598;100% ПЭ
8753;100% ПЭ
8754;100% ПЭ
6595;100% ПЭ
6594;100% ПЭ
8751;100% ПЭ
8752;100% ПЭ
8748;100% ПЭ
8747;100% ПЭ
2594;100% ПЭ
7452;100% ПЭ
6567;100% ПЭ
8741;100% ПЭ
6910;100% ПЭ
2524;100% ПЭ
6897;100% ПЭ
9753;100% ПЭ
6660;100% ПЭ
4698;100% ПЭ
6912;100% ПЭ
6904;100% ПЭ
6911;100% ПЭ
4124;100% ПЭ
7450;100% ПЭ
6900;100% ПЭ
2384;80% ПЭ, 20% ХЛ
2952;80% ПЭ, 20% ХЛ
2954;80% ПЭ, 20% ХЛ
2955;80% ПЭ, 20% ХЛ
2387;80% ПЭ, 20% ХЛ
2385;80% ПЭ, 20% ХЛ
2953;80% ПЭ, 20% ХЛ
5953;65% ПЭ, 35% ХЛ
5956;65% ПЭ, 35% ХЛ
5955;65% ПЭ, 35% ХЛ
5954;65% ПЭ, 35% ХЛ
6240;65% ПЭ, 35% ХЛ
6223;65% ПЭ, 35% ХЛ
6228;65% ПЭ, 35% ХЛ
7156;87% ПЭ, 12% НЛ, 1% АНТ
7234;87% ПЭ, 12% НЛ, 1% АНТ
6710;100% ХЛ
6714;100% ХЛ
6715;100% ХЛ
6708;100% ХЛ
6713;100% ХЛ
2415;100% ХЛ
6569;80% ХЛ, 19% ПЭ, 1% АНТ
6568;80% ХЛ, 19% ПЭ, 1% АНТ
2456;80% ХЛ, 19% ПЭ, 1% АНТ
3632;80% ХЛ, 19% ПЭ, 1% АНТ
6570;80% ХЛ, 19% ПЭ, 1% АНТ
7240;80% ХЛ, 19% ПЭ, 1% АНТ
7069;80% ХЛ, 19% ПЭ, 1% АНТ
2453;80% ХЛ, 19% ПЭ, 1% АНТ
6571;80% ХЛ, 19% ПЭ, 1% АНТ
7068;80% ХЛ, 19% ПЭ, 1% АНТ
7236;99% ХЛ, 1% АНТ
7237;99% ХЛ, 1% АНТ
7235;99% ХЛ, 1% АНТ
6703;99% ХЛ, 1% АНТ
6705;99% ХЛ, 1% АНТ
6699;99% ХЛ, 1% АНТ
6707;99% ХЛ, 1% АНТ
6704;99% ХЛ, 1% АНТ
7241;100% ХЛ
7242;100% ХЛ
7150;80% ХЛ, 19% ПЭ, 1% АНТ
7155;88% ХЛ, 12% НЛ
7148;99% ХЛ, 1% АНТ
7238;99% ХЛ, 1% АНТ
2925;99% ХЛ, 1% АНТ
6574;99% ХЛ, 1% АНТ
6576;99% ХЛ, 1% АНТ
6573;99% ХЛ, 1% АНТ
7149;99% ХЛ, 1% АНТ
7239;99% ХЛ, 1% АНТ
6572;99% ХЛ, 1% АНТ
3808;100% ХЛ
3807;100% ХЛ
3806;100% ХЛ
3810;100% ХЛ
3812;100% ХЛ
3811;100% ХЛ
3809;100% ХЛ
4235;100% ХЛ
8412;100% ХЛ
4161;100% ХЛ
8413;100% ХЛ
2923;100% ХЛ
4162;100% ХЛ
4159;100% ХЛ
2922;100% ХЛ
2909;100% ХЛ
8411;100% ХЛ
3195;100% ХЛ
2924;100% ХЛ
2914;65% ПЭ, 35% ХЛ
2911;65% ПЭ, 35% ХЛ
2917;65% ПЭ, 35% ХЛ
2916;65% ПЭ, 35% ХЛ
2915;65% ПЭ, 35% ХЛ
2918;65% ПЭ, 35% ХЛ
2920;80% ХЛ, 20% ПЭ
2919;80% ХЛ, 20% ПЭ
2921;80% ХЛ, 20% ПЭ
4069;60% ХЛ, 40% ПЭ
4068;60% ХЛ, 40% ПЭ
4071;65% ПЭ, 35% ХЛ
2828;100% ПЭ
2827;100% ПЭ
3765;100% ПЭ
2825;100% ПЭ
2425;100% ПЭ
3766;100% ПЭ
2826;100% ПЭ
2824;100% ПЭ
2806;100% ПЭ
2819;100% ПЭ
2822;100% ПЭ
2818;100% ПЭ
2452;100% ПЭ
2823;100% ПЭ
2821;100% ПЭ
2805;100% ПЭ
6625;100% ПЭ
6622;100% ПЭ
6620;100% ПЭ
6624;100% ПЭ
6626;100% ПЭ
6621;100% ПЭ
2406;51% ЛН, 49% ХЛ
2458;51% ЛН, 49% ХЛ
2459;51% ЛН, 49% ХЛ
2460;51% ЛН, 49% ХЛ
2461;51% ЛН, 49% ХЛ
8057;51% ЛН, 49% ХЛ
8058;51% ЛН, 49% ХЛ
2381;51% ЛН, 49% ХЛ
2468;51% ЛН, 49% ХЛ
2877;51% ЛН, 49% ХЛ
2602;51% ЛН, 49% ХЛ
2868;51% ЛН, 49% ХЛ
4187;51% ЛН, 49% ХЛ
4186;51% ЛН, 49% ХЛ
2535;100% ХЛ
2374;100% ХЛ
4210;100% ХЛ
3793;100% ХЛ
9807;100% ХЛ
6684;100% ХЛ
3794;100% ХЛ
6657;100% ХЛ
4895;100% ХЛ
2475;100% ХЛ
5737;100% ХЛ
3880;100% ХЛ
7208;100% ХЛ
2608;100% ХЛ
2573;100% ХЛ
2579;100% ХЛ
2548;100% ХЛ
2587;100% ХЛ
2600;100% ХЛ
6484;100% ХЛ
3508;75% ХЛ, 25% ПЭ
5407;100% ХЛ
2607;100% ХЛ
3496;100% ХЛ
2776;100% ХЛ
9724;100% ХЛ
5736;100% ХЛ
2507;100% ХЛ
4236;100% ХЛ
3160;100% ХЛ
3702;100% ХЛ
3703;100% ХЛ
3705;100% ХЛ
2457;75% ХЛ, 25% ПЭ
8961;75% ХЛ, 25% ПЭ
2901;75% ХЛ, 25% ПЭ
3715;75% ХЛ, 25% ПЭ
3716;75% ХЛ, 25% ПЭ
3717;75% ХЛ, 25% ПЭ
3718;75% ХЛ, 25% ПЭ
3700;75% ХЛ, 25% ПЭ
8960;75% ХЛ, 25% ПЭ
3701;75% ХЛ, 25% ПЭ
5908;100% ХЛ
5010;100% ХЛ
3667;100% ХЛ
3668;100% ХЛ
3771;100% ХЛ
8852;100% ХЛ
6253;100% ХЛ
2436;100% ХЛ
8078;100% ХЛ
7967;100% ХЛ
5692;100% ХЛ
2510;100% ХЛ
4904;100% ХЛ
6804;100% ПЭ
5637;100% ХЛ
6516;100% ХЛ
6488;100% ХЛ
6688;100% ХЛ
7285;100% ХЛ
7284;100% ХЛ
5367;100% ХЛ
5287;100% ХЛ
5406;100% ХЛ
5368;100% ХЛ
6393;100% ХЛ
8443;100% ХЛ
4945;100% ХЛ
4946;100% ХЛ
4948;100% ХЛ
4949;100% ХЛ
9681;100% ХЛ
4953;100% ХЛ
4950;100% ХЛ
4951;100% ХЛ
4943;100% ХЛ
5133;100% ХЛ
8875;100% ХЛ
4952;100% ХЛ
4944;100% ХЛ
4954;100% ХЛ
6676;70% ХЛ, 30% ПЭ
6675;99% ХЛ
6092;100% ХЛ
7467;100% ХЛ
7676;100% ХЛ
7707;100% ХЛ
7459;100% ХЛ
4112;100% ХЛ
5989;100% ХЛ